Location,Country,Hire Date
US-TX-Remote,United States of America,2021-06-22
AU-Melbourne-MSO,Australia,2021-06-22
US-CA-San Mateo,United States of America,2021-06-22
US-CA-San Mateo,United States of America,2021-06-22
US-CA-San Mateo,United States of America,2021-06-22
US-PA-Remote,United States of America,2021-06-22
PL-Warsaw,Poland,2021-06-22
US-NY-New York City-Remote,United States of America,2021-06-22
US-IL-Chicago-WW,United States of America,2021-06-22
CH-Switzerland-Remote,Switzerland,2021-06-22
US-CA-San Mateo,United States of America,2021-06-29
US-WA-Seattle-Remote,United States of America,2021-06-29
PL-Warsaw,Poland,2021-06-29
US-MD-Remote,United States of America,2021-06-29
PL-Warsaw,Poland,2021-06-29
US-CA-Bay Area-Remote,United States of America,2021-06-29
SG-Singapore-WW,Singapore,2021-06-29
US-CA-Bay Area-Remote,United States of America,2021-06-29
US-WA-Bellevue,United States of America,2021-06-29
US-WA-Bellevue,United States of America,2021-07-05
NL-Amsterdam,Netherlands,2021-07-06
CA-Ontario-Remote,Canada,2021-07-06
DE-Berlin,Germany,2021-07-06
US-MI-Remote,United States of America,2021-07-06
IN-Pune,India,2021-07-06
US-WA-Bellevue,United States of America,2021-07-06
US-PA-Remote,United States of America,2021-07-06
US-WA-Bellevue,United States of America,2021-07-06
NL-Amsterdam,Netherlands,2021-07-06
FR-France-Remote,France,2021-07-06
US-CA-Bay Area-Remote,United States of America,2021-07-06
US-CA-Bay Area-Remote,United States of America,2021-07-06
AU-New South Wales-Remote,Australia,2021-07-06
US-CA-San Mateo,United States of America,2021-07-06
US-CA-San Mateo,United States of America,2021-07-07
FR-Paris-WW,France,2021-07-13
KR-Seoul-WW,"Korea, Republic of",2021-07-13
FR-Paris-WW,France,2021-07-13
KR-Seoul-WW,"Korea, Republic of",2021-07-13
JP-Tokyo-WW,Japan,2021-07-13
NL-Amsterdam,Netherlands,2021-07-13
US-NY-Remote,United States of America,2021-07-13
GB-Leeds-MSO,United Kingdom,2021-07-13
US-IL-Remote,United States of America,2021-07-13
IN-Pune,India,2021-07-13
CH-Switzerland-Remote,Switzerland,2021-07-13
NL-Amsterdam,Netherlands,2021-07-13
US-CA-Bay Area-Remote,United States of America,2021-07-20
US-CA-San Mateo,United States of America,2021-07-20
IN-Bangalore-Remote,India,2021-07-20
CA-Ontario-Remote,Canada,2021-07-20
IN-Pune-Remote,India,2021-07-20
US-NC-Remote,United States of America,2021-07-20
US-VA-McLean,United States of America,2021-07-20
NL-Amsterdam,Netherlands,2021-07-20
FR-Paris-WW,France,2021-07-20
IN-Pune,India,2021-07-20
US-CA-San Mateo,United States of America,2021-07-27
US-WA-Bellevue,United States of America,2021-07-27
GB-London,United Kingdom,2021-07-27
US-CT-Remote,United States of America,2021-07-27
US-WA-Seattle-Remote,United States of America,2021-07-27
US-CA-Remote,United States of America,2021-07-27
US-TX-Remote,United States of America,2021-07-27
US-CA-San Mateo,United States of America,2021-07-27
US-CA-Dublin,United States of America,2021-07-27
CA-Ontario-Toronto-WW,Canada,2021-07-27
CA-Alberta-Remote,Canada,2021-07-27
US-WA-Seattle-Remote,United States of America,2021-07-27
US-MA-Remote,United States of America,2021-07-27
US-CA-Dublin,United States of America,2021-08-03
US-WA-Bellevue,United States of America,2021-08-03
US-CA-San Mateo,United States of America,2021-08-03
US-WA-Bellevue,United States of America,2021-08-03
US-CA-Bay Area-Remote,United States of America,2021-08-03
US-VA Metro-Remote,United States of America,2021-08-03
US-CA-San Mateo,United States of America,2021-08-04
US-WA-Bellevue,United States of America,2021-08-04
US-CA-San Mateo,United States of America,2021-08-04
CA-Ontario-Toronto-WW,Canada,2021-08-04
US-CA-San Mateo,United States of America,2021-08-04
PH-Philippines-Remote,Philippines,2021-08-04
US-MA-Remote,United States of America,2021-08-04
DE-Germany-Remote,Germany,2021-08-04
US-CA-San Mateo,United States of America,2021-08-04
US-IL-Chicago-WW,United States of America,2021-08-04
US-WA-Bellevue,United States of America,2021-08-04
US-GA-Atlanta,United States of America,2021-08-04
US-FL-Remote,United States of America,2021-08-04
NL-Netherlands-Remote,Netherlands,2021-08-10
US-WA-Seattle-Remote,United States of America,2021-08-10
DE-Berlin,Germany,2021-08-10
US-WA-Bellevue,United States of America,2021-08-10
GB-London,United Kingdom,2021-08-10
US-CA-San Mateo,United States of America,2021-08-10
NL-Amsterdam,Netherlands,2021-08-10
US-CA-San Mateo,United States of America,2021-08-10
US-CA-Remote,United States of America,2021-08-10
US-WA-Bellevue,United States of America,2021-08-10
US-WA-Bellevue,United States of America,2021-08-10
US-CA-San Mateo,United States of America,2021-08-10
IN-Pune,India,2021-08-11
PL-Warsaw,Poland,2021-08-11
US-CA-San Mateo,United States of America,2021-08-11
SG-Singapore-WW,Singapore,2021-08-17
CA-Ontario-Toronto-WW,Canada,2021-08-17
US-CA-San Mateo,United States of America,2021-08-17
JP-Tokyo-WW,Japan,2021-08-17
FR-Paris-WW,France,2021-08-17
US-CA-Dublin,United States of America,2021-08-17
GB-London,United Kingdom,2021-08-17
IN-Pune,India,2021-08-17
US-MA-Remote,United States of America,2021-08-17
US-GA-Atlanta,United States of America,2021-08-17
US-CA-San Mateo,United States of America,2021-08-24
US-CA-San Mateo,United States of America,2021-08-24
IN-Pune,India,2021-08-25
US-CA-San Mateo,United States of America,2021-08-25
US-CA-San Mateo,United States of America,2021-08-25
US-CA-San Mateo,United States of America,2021-08-25
IE-Dublin-WW,Ireland,2021-08-31
US-CA-San Mateo,United States of America,2021-08-31
IN-Pune,India,2021-08-31
US-NY-New York,United States of America,2021-08-31
US-WA-Bellevue,United States of America,2021-08-31
IN-Pune,India,2021-08-31
GB-London,United Kingdom,2021-08-31
US-CA-Remote,United States of America,2021-08-31
NL-Amsterdam,Netherlands,2021-09-07
US-WA-Bellevue,United States of America,2021-09-07
US-CA-Dublin,United States of America,2021-09-07
US-CO-Remote,United States of America,2021-09-07
DE-Germany-Remote,Germany,2021-09-07
US-OR-Remote,United States of America,2021-09-07
US-MA-Remote,United States of America,2021-09-09
US-CA-San Mateo,United States of America,2021-09-09
IN-Pune-Remote,India,2021-09-09
GB-London,United Kingdom,2021-09-14
US-IL-Chicago-WW,United States of America,2021-09-14
KR-Seoul-WW,"Korea, Republic of",2021-09-14
GB-United Kingdom-Remote,United Kingdom,2021-09-14
DE-Munich-MSO,Germany,2021-09-14
US-WA-Bellevue,United States of America,2021-09-14
JP-Tokyo-WW,Japan,2021-09-14
US-IN-Remote,United States of America,2021-09-14
IN-Pune,India,2021-09-14
FR-Paris-WW,France,2021-09-14
PL-Poland-Remote,Poland,2021-09-14
GB-London,United Kingdom,2021-09-14
US-MA-Remote,United States of America,2021-09-14
US-CA-San Mateo,United States of America,2021-09-14
US-WA-Bellevue,United States of America,2021-09-21
PL-Warsaw,Poland,2021-09-21
US-CA-San Mateo,United States of America,2021-09-28
IT-Italy-Remote,Italy,2021-09-28
US-GA-Atlanta,United States of America,2021-10-05
US-CA-San Mateo,United States of America,2021-10-05
CA-Ontario-Remote,Canada,2021-10-05
US-CA-San Mateo,United States of America,2021-10-05
FR-Paris-WW,France,2021-10-05
US-WA-Bellevue,United States of America,2021-10-05
US-CA-San Mateo,United States of America,2021-10-05
US-CA-San Mateo,United States of America,2021-10-05
US-PA-Remote,United States of America,2021-10-05
US-CA-San Mateo,United States of America,2021-10-05
IN-Pune-Remote,India,2021-10-05
ID-Indonesia-Remote,Indonesia,2021-10-06
IN-Bangalore-Remote,India,2021-10-12
PL-Warsaw,Poland,2021-10-12
GB-Leeds-MSO,United Kingdom,2021-10-12
NL-Netherlands-Remote,Netherlands,2021-10-12
SG-Singapore-WW,Singapore,2021-10-12
US-WA-Bellevue,United States of America,2021-10-12
IN-Pune,India,2021-10-19
US-CA-San Mateo,United States of America,2021-10-19
US-CA-Dublin,United States of America,2021-10-26
IN-Pune,India,2021-10-26
US-CA-San Mateo,United States of America,2021-10-26
US-WA-Bellevue,United States of America,2021-10-26
JP-Tokyo-WW,Japan,2021-10-26
US-GA-Atlanta,United States of America,2021-10-26
US-TX-Remote,United States of America,2021-11-02
US-AZ-Remote,United States of America,2021-11-09
US-WA-Bellevue,United States of America,2021-11-10
US-VA-Remote,United States of America,2021-11-10
US-WA-Bellevue,United States of America,2021-11-10
US-WA-Bellevue,United States of America,2021-11-10
DE-Berlin,Germany,2021-11-10
ES-Madrid-WW,Spain,2021-11-10
DE-Berlin,Germany,2021-11-10
US-CA-San Mateo,United States of America,2021-11-16
DE-Germany-Remote,Germany,2021-11-21
US-CA-San Mateo,United States of America,2021-11-30
US-NJ-Remote,United States of America,2021-12-07
GB-London,United Kingdom,2021-12-07
US-CA-Dublin,United States of America,2021-12-07
US-CA-San Mateo,United States of America,2021-12-07
US-WA-Bellevue,United States of America,2021-12-14
US-CA-San Mateo,United States of America,2022-02-01
US-CA-Remote,United States of America,2022-03-15
BR-Brazil-Remote,Brazil,2022-03-15
Dublin,Ireland,2022-03-15
CO-Colombia-Remote,Colombia,2022-03-15
CR-Costa Rica-Remote,Costa Rica,2022-03-15
AU-Canberra-MSO,Australia,2022-03-15